id,name,address,country
51,Kling-Pagac,4 North Plaza,SI
52,"Powlowski, Carter and Wuckert",08 Birchwood Crossing,FR
53,"Murazik, Cremin and Ernser",00 Longview Center,LR
54,"Fahey, Purdy and DuBuque",296 Sachtjen Circle,CR
55,Hyatt-Mante,896 Magdeline Circle,MY
56,"Luettgen, Schmeler and Gleichner",742 Scofield Trail,AR
57,Jacobs Inc,7871 Messerschmidt Court,CN
58,Reichert LLC,9939 Tomscot Park,HT
59,"Huel, Lakin and Jacobi",6 Banding Road,PT
60,Bergnaum LLC,31139 Homewood Way,CO
61,"Miller, Rau and Tremblay",19589 Almo Alley,SI
62,"Tillman, Wiza and Dickinson",91 Pond Street,PL
63,Deckow Inc,7 Jana Alley,JM
64,Sawayn-Kris,06 Nelson Pass,VN
65,Senger-Ortiz,1 Springview Court,CN
66,Shanahan Inc,331 Service Street,PT
67,Turcotte-Harris,21307 Emmet Point,ID
68,"Mitchell, Halvorson and Lehner",404 Dawn Trail,IQ
69,"Daugherty, Kuphal and Price",4408 Kim Road,CN
70,Hettinger LLC,261 Gina Drive,PH
71,Turcotte-Christiansen,15542 Summer Ridge Park,NA
72,"Carter, Braun and Gerhold",50 Namekagon Center,CN
73,Thompson-Runolfsdottir,750 Sugar Alley,NO
74,Kiehn-Reinger,0796 Judy Drive,CU
75,"Langworth, Conroy and Flatley",5 Westport Plaza,UA
